Monat,Bezeichnung,Link,KatVisits,PIs,Quelle,Nutzungsbedingungen
202011,Chefkoch.de,http://www.chefkoch.de,20814097,79991686,Informationsgemeinschaft zur Feststellung der Verbreitung von Werbeträgern e.V. (IVW),http://ausweisung.ivw-online.de/nutzungsbedingungen_ivw-ausweisung_online.pdf
202010,Chefkoch.de,http://www.chefkoch.de,19419897,70441942,Informationsgemeinschaft zur Feststellung der Verbreitung von Werbeträgern e.V. (IVW),http://ausweisung.ivw-online.de/nutzungsbedingungen_ivw-ausweisung_online.pdf
202009,Chefkoch.de,http://www.chefkoch.de,16233561,57390792,Informationsgemeinschaft zur Feststellung der Verbreitung von Werbeträgern e.V. (IVW),http://ausweisung.ivw-online.de/nutzungsbedingungen_ivw-ausweisung_online.pdf
202008,Chefkoch.de,http://www.chefkoch.de,16607733,58617330,Informationsgemeinschaft zur Feststellung der Verbreitung von Werbeträgern e.V. (IVW),http://ausweisung.ivw-online.de/nutzungsbedingungen_ivw-ausweisung_online.pdf
202007,Chefkoch.de,http://www.chefkoch.de,17577767,60888931,Informationsgemeinschaft zur Feststellung der Verbreitung von Werbeträgern e.V. (IVW),http://ausweisung.ivw-online.de/nutzungsbedingungen_ivw-ausweisung_online.pdf
202006,Chefkoch.de,http://www.chefkoch.de,17180632,59858459,Informationsgemeinschaft zur Feststellung der Verbreitung von Werbeträgern e.V. (IVW),http://ausweisung.ivw-online.de/nutzungsbedingungen_ivw-ausweisung_online.pdf
202005,Chefkoch.de,http://www.chefkoch.de,20607165,74550309,Informationsgemeinschaft zur Feststellung der Verbreitung von Werbeträgern e.V. (IVW),http://ausweisung.ivw-online.de/nutzungsbedingungen_ivw-ausweisung_online.pdf
202004,Chefkoch.de,http://www.chefkoch.de,23568903,86471443,Informationsgemeinschaft zur Feststellung der Verbreitung von Werbeträgern e.V. (IVW),http://ausweisung.ivw-online.de/nutzungsbedingungen_ivw-ausweisung_online.pdf
202003,Chefkoch.de,http://www.chefkoch.de,21762027,80660039,Informationsgemeinschaft zur Feststellung der Verbreitung von Werbeträgern e.V. (IVW),http://ausweisung.ivw-online.de/nutzungsbedingungen_ivw-ausweisung_online.pdf
202002,Chefkoch.de,http://www.chefkoch.de,18454903,72161441,Informationsgemeinschaft zur Feststellung der Verbreitung von Werbeträgern e.V. (IVW),http://ausweisung.ivw-online.de/nutzungsbedingungen_ivw-ausweisung_online.pdf
202001,Chefkoch.de,http://www.chefkoch.de,19774342,78368310,Informationsgemeinschaft zur Feststellung der Verbreitung von Werbeträgern e.V. (IVW),http://ausweisung.ivw-online.de/nutzungsbedingungen_ivw-ausweisung_online.pdf
201912,Chefkoch.de,http://www.chefkoch.de,25577974,101184981,Informationsgemeinschaft zur Feststellung der Verbreitung von Werbeträgern e.V. (IVW),http://ausweisung.ivw-online.de/nutzungsbedingungen_ivw-ausweisung_online.pdf
201911,Chefkoch.de,http://www.chefkoch.de,21679859,84979719,Informationsgemeinschaft zur Feststellung der Verbreitung von Werbeträgern e.V. (IVW),http://ausweisung.ivw-online.de/nutzungsbedingungen_ivw-ausweisung_online.pdf
201910,Chefkoch.de,http://www.chefkoch.de,20909698,80546994,Informationsgemeinschaft zur Feststellung der Verbreitung von Werbeträgern e.V. (IVW),http://ausweisung.ivw-online.de/nutzungsbedingungen_ivw-ausweisung_online.pdf
201909,Chefkoch.de,http://www.chefkoch.de,18352628,69140378,Informationsgemeinschaft zur Feststellung der Verbreitung von Werbeträgern e.V. (IVW),http://ausweisung.ivw-online.de/nutzungsbedingungen_ivw-ausweisung_online.pdf
201908,Chefkoch.de,http://www.chefkoch.de,18430390,72685883,Informationsgemeinschaft zur Feststellung der Verbreitung von Werbeträgern e.V. (IVW),http://ausweisung.ivw-online.de/nutzungsbedingungen_ivw-ausweisung_online.pdf
201907,Chefkoch.de,http://www.chefkoch.de,18647582,76282945,Informationsgemeinschaft zur Feststellung der Verbreitung von Werbeträgern e.V. (IVW),http://ausweisung.ivw-online.de/nutzungsbedingungen_ivw-ausweisung_online.pdf
201906,Chefkoch.de,http://www.chefkoch.de,17077946,67926576,Informationsgemeinschaft zur Feststellung der Verbreitung von Werbeträgern e.V. (IVW),http://ausweisung.ivw-online.de/nutzungsbedingungen_ivw-ausweisung_online.pdf
201905,Chefkoch.de,http://www.chefkoch.de,19667737,80899831,Informationsgemeinschaft zur Feststellung der Verbreitung von Werbeträgern e.V. (IVW),http://ausweisung.ivw-online.de/nutzungsbedingungen_ivw-ausweisung_online.pdf
201904,Chefkoch.de,http://www.chefkoch.de,20245879,82461590,Informationsgemeinschaft zur Feststellung der Verbreitung von Werbeträgern e.V. (IVW),http://ausweisung.ivw-online.de/nutzungsbedingungen_ivw-ausweisung_online.pdf
201903,Chefkoch.de,http://www.chefkoch.de,20938534,87354809,Informationsgemeinschaft zur Feststellung der Verbreitung von Werbeträgern e.V. (IVW),http://ausweisung.ivw-online.de/nutzungsbedingungen_ivw-ausweisung_online.pdf
201902,Chefkoch.de,http://www.chefkoch.de,19310967,83389736,Informationsgemeinschaft zur Feststellung der Verbreitung von Werbeträgern e.V. (IVW),http://ausweisung.ivw-online.de/nutzungsbedingungen_ivw-ausweisung_online.pdf
201901,Chefkoch.de,http://www.chefkoch.de,22867055,101303571,Informationsgemeinschaft zur Feststellung der Verbreitung von Werbeträgern e.V. (IVW),http://ausweisung.ivw-online.de/nutzungsbedingungen_ivw-ausweisung_online.pdf
201812,Chefkoch.de,http://www.chefkoch.de,29168982,134839677,Informationsgemeinschaft zur Feststellung der Verbreitung von Werbeträgern e.V. (IVW),http://ausweisung.ivw-online.de/nutzungsbedingungen_ivw-ausweisung_online.pdf
201811,Chefkoch.de,http://www.chefkoch.de,24305173,114143629,Informationsgemeinschaft zur Feststellung der Verbreitung von Werbeträgern e.V. (IVW),http://ausweisung.ivw-online.de/nutzungsbedingungen_ivw-ausweisung_online.pdf
